plot_num,rep,sp_code,num_germinants,expected_germinants_l,num_germinants_corrected
740,1,HECO,6,60,6
740,1,VUMI,29,60,29
740,1,CEME,13,60,13
740,1,LOWR,10,60,10
740,1,LACA,38,100,38
740,1,SACO,22,60,22
740,1,PLER,11,60,11
740,1,CLPU,0,60,0
740,1,HOMU,21,60,21
740,1,EUPE,13,60,13
740,1,MICA,0,50,0
740,1,AMME,30,60,30
740,1,CHGL,60,90,60
740,1,CLBO,0,60,0
740,1,MEPO,3,40,3
740,1,AGHE,29,60,29
740,1,BRMA,16,60,16
740,2,HECO,7,60,7
740,2,VUMI,28,60,28
740,2,CEME,5,60,5
740,2,LOWR,8,60,8
740,2,LACA,23,100,23
740,2,SACO,18,60,18
740,2,PLER,8,60,8
740,2,CLPU,0,60,0
740,2,HOMU,20,60,20
740,2,EUPE,29,60,29
740,2,MICA,0,50,0
740,2,AMME,23,60,23
740,2,CHGL,28,90,28
740,2,CLBO,0,60,0
740,2,MEPO,2,40,2
740,2,AGHE,35,60,35
740,2,BRMA,21,60,21
740,3,HECO,1,60,1
740,3,VUMI,36,60,36
740,3,CEME,16,60,16
740,3,LOWR,11,60,11
740,3,LACA,39,100,39
740,3,SACO,24,60,24
740,3,PLER,15,60,15
740,3,CLPU,0,60,0
740,3,HOMU,26,60,26
740,3,EUPE,9,60,9
740,3,MICA,0,50,0
740,3,AMME,21,60,21
740,3,CHGL,60,90,60
740,3,CLBO,0,60,0
740,3,MEPO,1,40,1
740,3,AGHE,26,60,26
740,3,BRMA,34,60,34
740,4,HECO,1,60,1
740,4,VUMI,23,60,23
740,4,CEME,18,60,18
740,4,LOWR,4,60,4
740,4,LACA,5,100,5
740,4,SACO,18,60,18
740,4,PLER,19,60,19
740,4,CLPU,0,60,0
740,4,HOMU,18,60,18
740,4,EUPE,9,60,9
740,4,MICA,0,50,0
740,4,AMME,12,60,12
740,4,CHGL,18,90,18
740,4,CLBO,0,60,0
740,4,MEPO,1,40,1
740,4,AGHE,33,60,33
740,4,BRMA,20,60,20
740,5,HECO,5,60,5
740,5,VUMI,32,60,32
740,5,CEME,8,60,8
740,5,LOWR,5,60,5
740,5,LACA,12,100,12
740,5,SACO,4,60,4
740,5,PLER,13,60,13
740,5,CLPU,0,60,0
740,5,HOMU,13,60,13
740,5,EUPE,31,60,31
740,5,MICA,0,50,0
740,5,AMME,20,60,20
740,5,CHGL,47,90,47
740,5,CLBO,0,60,0
740,5,MEPO,4,40,4
740,5,AGHE,21,60,21
740,5,BRMA,10,60,10
741,1,HECO,2,60,2
741,1,VUMI,43,60,43
741,1,CEME,16,60,16
741,1,LOWR,1,60,1
741,1,LACA,0,100,0
741,1,SACO,14,60,14
741,1,PLER,1,60,1
741,1,CLPU,0,60,0
741,1,HOMU,31,60,31
741,1,EUPE,25,60,25
741,1,MICA,2,50,2
741,1,AMME,28,60,28
741,1,CHGL,90,90,90
741,1,CLBO,0,60,0
741,1,MEPO,0,40,0
741,1,AGHE,25,60,25
741,1,BRMA,31,60,31
741,2,HECO,6,60,6
741,2,VUMI,36,60,36
741,2,CEME,14,60,14
741,2,LOWR,2,60,2
741,2,LACA,2,100,2
741,2,SACO,36,60,36
741,2,PLER,7,60,7
741,2,CLPU,0,60,0
741,2,HOMU,16,60,16
741,2,EUPE,5,60,5
741,2,MICA,0,50,0
741,2,AMME,21,60,21
741,2,CHGL,17,90,17
741,2,CLBO,0,60,0
741,2,MEPO,0,40,0
741,2,AGHE,19,60,19
741,2,BRMA,26,60,26
741,3,HECO,10,60,10
741,3,VUMI,42,60,42
741,3,CEME,6,60,6
741,3,LOWR,0,60,0
741,3,LACA,1,100,1
741,3,SACO,0,60,0
741,3,PLER,0,60,0
741,3,CLPU,0,60,0
741,3,HOMU,25,60,25
741,3,EUPE,5,60,5
741,3,MICA,0,50,0
741,3,AMME,28,60,28
741,3,CHGL,66,90,66
741,3,CLBO,0,60,0
741,3,MEPO,0,40,0
741,3,AGHE,31,60,31
741,3,BRMA,30,60,30
741,4,HECO,3,60,3
741,4,VUMI,44,60,44
741,4,CEME,5,60,5
741,4,LOWR,3,60,3
741,4,LACA,0,100,0
741,4,SACO,31,60,31
741,4,PLER,5,60,5
741,4,CLPU,0,60,0
741,4,HOMU,17,60,17
741,4,EUPE,48,60,48
741,4,MICA,0,50,0
741,4,AMME,14,60,14
741,4,CHGL,68,90,68
741,4,CLBO,0,60,0
741,4,MEPO,6,40,6
741,4,AGHE,26,60,26
741,4,BRMA,21,60,21
741,5,HECO,2,60,2
741,5,VUMI,30,60,30
741,5,CEME,18,60,18
741,5,LOWR,0,60,0
741,5,LACA,0,100,0
741,5,SACO,9,60,9
741,5,PLER,29,60,29
741,5,CLPU,0,60,0
741,5,HOMU,21,60,21
741,5,EUPE,8,60,8
741,5,MICA,0,50,0
741,5,AMME,17,60,17
741,5,CHGL,58,90,58
741,5,CLBO,0,60,0
741,5,MEPO,4,40,4
741,5,AGHE,20,60,20
741,5,BRMA,29,60,29
742,1,HECO,4,60,4
742,1,VUMI,38,60,38
742,1,CEME,20,60,20
742,1,LOWR,1,60,1
742,1,LACA,20,100,20
742,1,SACO,26,60,26
742,1,PLER,8,60,8
742,1,CLPU,5,60,5
742,1,HOMU,24,60,24
742,1,EUPE,31,60,31
742,1,MICA,0,50,0
742,1,AMME,17,60,17
742,1,CHGL,95,90,90
742,1,CLBO,1,60,1
742,1,MEPO,6,40,6
742,1,AGHE,42,60,42
742,1,BRMA,9,60,9
742,2,HECO,4,60,4
742,2,VUMI,40,60,40
742,2,CEME,14,60,14
742,2,LOWR,6,60,6
742,2,LACA,14,100,14
742,2,SACO,16,60,16
742,2,PLER,10,60,10
742,2,CLPU,3,60,3
742,2,HOMU,27,60,27
742,2,EUPE,38,60,38
742,2,MICA,3,50,3
742,2,AMME,19,60,19
742,2,CHGL,91,90,90
742,2,CLBO,3,60,3
742,2,MEPO,11,40,11
742,2,AGHE,40,60,40
742,2,BRMA,15,60,15
742,3,HECO,6,60,6
742,3,VUMI,30,60,30
742,3,CEME,29,60,29
742,3,LOWR,7,60,7
742,3,LACA,22,100,22
742,3,SACO,42,60,42
742,3,PLER,28,60,28
742,3,CLPU,6,60,6
742,3,HOMU,24,60,24
742,3,EUPE,21,60,21
742,3,MICA,1,50,1
742,3,AMME,22,60,22
742,3,CHGL,99,90,90
742,3,CLBO,0,60,0
742,3,MEPO,8,40,8
742,3,AGHE,77,60,60
742,3,BRMA,24,60,24
742,4,HECO,3,60,3
742,4,VUMI,40,60,40
742,4,CEME,0,60,0
742,4,LOWR,9,60,9
742,4,LACA,20,100,20
742,4,SACO,20,60,20
742,4,PLER,7,60,7
742,4,CLPU,3,60,3
742,4,HOMU,19,60,19
742,4,EUPE,44,60,44
742,4,MICA,3,50,3
742,4,AMME,33,60,33
742,4,CHGL,70,90,70
742,4,CLBO,7,60,7
742,4,MEPO,6,40,6
742,4,AGHE,36,60,36
742,4,BRMA,16,60,16
742,5,HECO,9,60,9
742,5,VUMI,42,60,42
742,5,CEME,12,60,12
742,5,LOWR,10,60,10
742,5,LACA,6,100,6
742,5,SACO,30,60,30
742,5,PLER,12,60,12
742,5,CLPU,3,60,3
742,5,HOMU,28,60,28
742,5,EUPE,12,60,12
742,5,MICA,3,50,3
742,5,AMME,7,60,7
742,5,CHGL,47,90,47
742,5,CLBO,1,60,1
742,5,MEPO,8,40,8
742,5,AGHE,80,60,60
742,5,BRMA,22,60,22
743,1,HECO,4,60,4
743,1,VUMI,0,60,0
743,1,CEME,30,60,30
743,1,LOWR,2,60,2
743,1,LACA,16,100,16
743,1,SACO,1,60,1
743,1,PLER,24,60,24
743,1,CLPU,0,60,0
743,1,HOMU,32,60,32
743,1,EUPE,1,60,1
743,1,MICA,0,50,0
743,1,AMME,4,60,4
743,1,CHGL,82,90,82
743,1,CLBO,0,60,0
743,1,MEPO,0,40,0
743,1,AGHE,9,60,9
743,1,BRMA,30,60,30
743,2,HECO,1,60,1
743,2,VUMI,45,60,45
743,2,CEME,14,60,14
743,2,LOWR,0,60,0
743,2,LACA,32,100,32
743,2,SACO,6,60,6
743,2,PLER,8,60,8
743,2,CLPU,1,60,1
743,2,HOMU,24,60,24
743,2,EUPE,0,60,0
743,2,MICA,0,50,0
743,2,AMME,0,60,0
743,2,CHGL,11,90,11
743,2,CLBO,0,60,0
743,2,MEPO,2,40,2
743,2,AGHE,18,60,18
743,2,BRMA,16,60,16
743,3,HECO,2,60,2
743,3,VUMI,34,60,34
743,3,CEME,3,60,3
743,3,LOWR,3,60,3
743,3,LACA,37,100,37
743,3,SACO,0,60,0
743,3,PLER,11,60,11
743,3,CLPU,5,60,5
743,3,HOMU,31,60,31
743,3,EUPE,2,60,2
743,3,MICA,2,50,2
743,3,AMME,17,60,17
743,3,CHGL,66,90,66
743,3,CLBO,0,60,0
743,3,MEPO,0,40,0
743,3,AGHE,26,60,26
743,3,BRMA,31,60,31
743,4,HECO,0,60,0
743,4,VUMI,51,60,51
743,4,CEME,7,60,7
743,4,LOWR,3,60,3
743,4,LACA,17,100,17
743,4,SACO,0,60,0
743,4,PLER,16,60,16
743,4,CLPU,6,60,6
743,4,HOMU,28,60,28
743,4,EUPE,1,60,1
743,4,MICA,6,50,6
743,4,AMME,1,60,1
743,4,CHGL,66,90,66
743,4,CLBO,2,60,2
743,4,MEPO,0,40,0
743,4,AGHE,19,60,19
743,4,BRMA,19,60,19
743,5,HECO,5,60,5
743,5,VUMI,2,60,2
743,5,CEME,4,60,4
743,5,LOWR,0,60,0
743,5,LACA,18,100,18
743,5,SACO,0,60,0
743,5,PLER,21,60,21
743,5,CLPU,0,60,0
743,5,HOMU,19,60,19
743,5,EUPE,2,60,2
743,5,MICA,6,50,6
743,5,AMME,27,60,27
743,5,CHGL,62,90,62
743,5,CLBO,0,60,0
743,5,MEPO,0,40,0
743,5,AGHE,6,60,6
743,5,BRMA,26,60,26
744,1,HECO,1,60,1
744,1,VUMI,21,60,21
744,1,CEME,12,60,12
744,1,LOWR,5,60,5
744,1,LACA,9,100,9
744,1,SACO,36,60,36
744,1,PLER,26,60,26
744,1,CLPU,0,60,0
744,1,HOMU,26,60,26
744,1,EUPE,24,60,24
744,1,MICA,0,50,0
744,1,AMME,37,60,37
744,1,CHGL,52,90,52
744,1,CLBO,2,60,2
744,1,MEPO,6,40,6
744,1,AGHE,49,60,49
744,1,BRMA,22,60,22
744,2,HECO,4,60,4
744,2,VUMI,37,60,37
744,2,CEME,14,60,14
744,2,LOWR,4,60,4
744,2,LACA,5,100,5
744,2,SACO,32,60,32
744,2,PLER,19,60,19
744,2,CLPU,0,60,0
744,2,HOMU,21,60,21
744,2,EUPE,36,60,36
744,2,MICA,0,50,0
744,2,AMME,13,60,13
744,2,CHGL,52,90,52
744,2,CLBO,0,60,0
744,2,MEPO,2,40,2
744,2,AGHE,22,60,22
744,2,BRMA,25,60,25
744,3,HECO,2,60,2
744,3,VUMI,21,60,21
744,3,CEME,14,60,14
744,3,LOWR,4,60,4
744,3,LACA,9,100,9
744,3,SACO,37,60,37
744,3,PLER,4,60,4
744,3,CLPU,0,60,0
744,3,HOMU,31,60,31
744,3,EUPE,12,60,12
744,3,MICA,0,50,0
744,3,AMME,11,60,11
744,3,CHGL,22,90,22
744,3,CLBO,0,60,0
744,3,MEPO,7,40,7
744,3,AGHE,38,60,38
744,3,BRMA,27,60,27
744,4,HECO,5,60,5
744,4,VUMI,47,60,47
744,4,CEME,6,60,6
744,4,LOWR,6,60,6
744,4,LACA,14,100,14
744,4,SACO,38,60,38
744,4,PLER,12,60,12
744,4,CLPU,0,60,0
744,4,HOMU,14,60,14
744,4,EUPE,16,60,16
744,4,MICA,0,50,0
744,4,AMME,17,60,17
744,4,CHGL,79,90,79
744,4,CLBO,1,60,1
744,4,MEPO,6,40,6
744,4,AGHE,39,60,39
744,4,BRMA,21,60,21
744,5,HECO,8,60,8
744,5,VUMI,36,60,36
744,5,CEME,4,60,4
744,5,LOWR,6,60,6
744,5,LACA,14,100,14
744,5,SACO,19,60,19
744,5,PLER,5,60,5
744,5,CLPU,0,60,0
744,5,HOMU,20,60,20
744,5,EUPE,30,60,30
744,5,MICA,1,50,1
744,5,AMME,24,60,24
744,5,CHGL,40,90,40
744,5,CLBO,0,60,0
744,5,MEPO,7,40,7
744,5,AGHE,30,60,30
744,5,BRMA,10,60,10
745,1,HECO,8,60,8
745,1,VUMI,17,60,17
745,1,CEME,7,60,7
745,1,LOWR,12,60,12
745,1,LACA,21,100,21
745,1,SACO,12,60,12
745,1,PLER,29,60,29
745,1,CLPU,0,60,0
745,1,HOMU,27,60,27
745,1,EUPE,11,60,11
745,1,MICA,2,50,2
745,1,AMME,0,60,0
745,1,CHGL,71,90,71
745,1,CLBO,0,60,0
745,1,MEPO,0,40,0
745,1,AGHE,5,60,5
745,1,BRMA,19,60,19
745,2,HECO,11,60,11
745,2,VUMI,31,60,31
745,2,CEME,0,60,0
745,2,LOWR,15,60,15
745,2,LACA,5,100,5
745,2,SACO,35,60,35
745,2,PLER,6,60,6
745,2,CLPU,1,60,1
745,2,HOMU,13,60,13
745,2,EUPE,6,60,6
745,2,MICA,1,50,1
745,2,AMME,0,60,0
745,2,CHGL,66,90,66
745,2,CLBO,0,60,0
745,2,MEPO,0,40,0
745,2,AGHE,0,60,0
745,2,BRMA,20,60,20
745,3,HECO,9,60,9
745,3,VUMI,47,60,47
745,3,CEME,8,60,8
745,3,LOWR,9,60,9
745,3,LACA,25,100,25
745,3,SACO,21,60,21
745,3,PLER,8,60,8
745,3,CLPU,0,60,0
745,3,HOMU,31,60,31
745,3,EUPE,20,60,20
745,3,MICA,2,50,2
745,3,AMME,0,60,0
745,3,CHGL,81,90,81
745,3,CLBO,0,60,0
745,3,MEPO,0,40,0
745,3,AGHE,23,60,23
745,3,BRMA,32,60,32
745,4,HECO,3,60,3
745,4,VUMI,31,60,31
745,4,CEME,0,60,0
745,4,LOWR,3,60,3
745,4,LACA,6,100,6
745,4,SACO,16,60,16
745,4,PLER,27,60,27
745,4,CLPU,0,60,0
745,4,HOMU,31,60,31
745,4,EUPE,0,60,0
745,4,MICA,0,50,0
745,4,AMME,0,60,0
745,4,CHGL,13,90,13
745,4,CLBO,0,60,0
745,4,MEPO,0,40,0
745,4,AGHE,32,60,32
745,4,BRMA,28,60,28
745,5,HECO,7,60,7
745,5,VUMI,30,60,30
745,5,CEME,13,60,13
745,5,LOWR,8,60,8
745,5,LACA,6,100,6
745,5,SACO,8,60,8
745,5,PLER,8,60,8
745,5,CLPU,0,60,0
745,5,HOMU,21,60,21
745,5,EUPE,24,60,24
745,5,MICA,1,50,1
745,5,AMME,6,60,6
745,5,CHGL,30,90,30
745,5,CLBO,0,60,0
745,5,MEPO,2,40,2
745,5,AGHE,7,60,7
745,5,BRMA,22,60,22
746,1,HECO,11,60,11
746,1,VUMI,34,60,34
746,1,CEME,8,60,8
746,1,LOWR,25,60,25
746,1,LACA,21,100,21
746,1,SACO,45,60,45
746,1,PLER,35,60,35
746,1,CLPU,0,60,0
746,1,HOMU,20,60,20
746,1,EUPE,14,60,14
746,1,MICA,0,50,0
746,1,AMME,1,60,1
746,1,CHGL,104,90,90
746,1,CLBO,0,60,0
746,1,MEPO,2,40,2
746,1,AGHE,32,60,32
746,1,BRMA,21,60,21
746,2,HECO,5,60,5
746,2,VUMI,41,60,41
746,2,CEME,8,60,8
746,2,LOWR,8,60,8
746,2,LACA,22,100,22
746,2,SACO,22,60,22
746,2,PLER,34,60,34
746,2,CLPU,0,60,0
746,2,HOMU,32,60,32
746,2,EUPE,4,60,4
746,2,MICA,0,50,0
746,2,AMME,0,60,0
746,2,CHGL,87,90,87
746,2,CLBO,0,60,0
746,2,MEPO,2,40,2
746,2,AGHE,29,60,29
746,2,BRMA,32,60,32
746,3,HECO,4,60,4
746,3,VUMI,19,60,19
746,3,CEME,0,60,0
746,3,LOWR,8,60,8
746,3,LACA,15,100,15
746,3,SACO,25,60,25
746,3,PLER,31,60,31
746,3,CLPU,0,60,0
746,3,HOMU,27,60,27
746,3,EUPE,6,60,6
746,3,MICA,0,50,0
746,3,AMME,5,60,5
746,3,CHGL,98,90,90
746,3,CLBO,0,60,0
746,3,MEPO,6,40,6
746,3,AGHE,28,60,28
746,3,BRMA,23,60,23
746,4,HECO,5,60,5
746,4,VUMI,42,60,42
746,4,CEME,8,60,8
746,4,LOWR,11,60,11
746,4,LACA,32,100,32
746,4,SACO,36,60,36
746,4,PLER,43,60,43
746,4,CLPU,0,60,0
746,4,HOMU,33,60,33
746,4,EUPE,25,60,25
746,4,MICA,0,50,0
746,4,AMME,1,60,1
746,4,CHGL,130,90,90
746,4,CLBO,0,60,0
746,4,MEPO,1,40,1
746,4,AGHE,43,60,43
746,4,BRMA,16,60,16
746,5,HECO,1,60,1
746,5,VUMI,42,60,42
746,5,CEME,1,60,1
746,5,LOWR,19,60,19
746,5,LACA,8,100,8
746,5,SACO,13,60,13
746,5,PLER,22,60,22
746,5,CLPU,0,60,0
746,5,HOMU,16,60,16
746,5,EUPE,5,60,5
746,5,MICA,3,50,3
746,5,AMME,2,60,2
746,5,CHGL,62,90,62
746,5,CLBO,0,60,0
746,5,MEPO,8,40,8
746,5,AGHE,15,60,15
746,5,BRMA,24,60,24
747,1,HECO,1,60,1
747,1,VUMI,21,60,21
747,1,CEME,20,60,20
747,1,LOWR,9,60,9
747,1,LACA,6,100,6
747,1,SACO,4,60,4
747,1,PLER,8,60,8
747,1,CLPU,0,60,0
747,1,HOMU,8,60,8
747,1,EUPE,0,60,0
747,1,MICA,1,50,1
747,1,AMME,0,60,0
747,1,CHGL,18,90,18
747,1,CLBO,0,60,0
747,1,MEPO,1,40,1
747,1,AGHE,6,60,6
747,1,BRMA,17,60,17
747,2,HECO,2,60,2
747,2,VUMI,28,60,28
747,2,CEME,0,60,0
747,2,LOWR,12,60,12
747,2,LACA,12,100,12
747,2,SACO,6,60,6
747,2,PLER,0,60,0
747,2,CLPU,0,60,0
747,2,HOMU,18,60,18
747,2,EUPE,1,60,1
747,2,MICA,2,50,2
747,2,AMME,0,60,0
747,2,CHGL,39,90,39
747,2,CLBO,0,60,0
747,2,MEPO,5,40,5
747,2,AGHE,36,60,36
747,2,BRMA,22,60,22
747,3,HECO,0,60,0
747,3,VUMI,43,60,43
747,3,CEME,5,60,5
747,3,LOWR,4,60,4
747,3,LACA,5,100,5
747,3,SACO,11,60,11
747,3,PLER,11,60,11
747,3,CLPU,0,60,0
747,3,HOMU,17,60,17
747,3,EUPE,4,60,4
747,3,MICA,1,50,1
747,3,AMME,1,60,1
747,3,CHGL,31,90,31
747,3,CLBO,0,60,0
747,3,MEPO,3,40,3
747,3,AGHE,17,60,17
747,3,BRMA,14,60,14
747,4,HECO,2,60,2
747,4,VUMI,25,60,25
747,4,CEME,6,60,6
747,4,LOWR,0,60,0
747,4,LACA,2,100,2
747,4,SACO,14,60,14
747,4,PLER,10,60,10
747,4,CLPU,0,60,0
747,4,HOMU,17,60,17
747,4,EUPE,5,60,5
747,4,MICA,1,50,1
747,4,AMME,0,60,0
747,4,CHGL,76,90,76
747,4,CLBO,0,60,0
747,4,MEPO,1,40,1
747,4,AGHE,8,60,8
747,4,BRMA,17,60,17
747,5,HECO,0,60,0
747,5,VUMI,26,60,26
747,5,CEME,3,60,3
747,5,LOWR,10,60,10
747,5,LACA,0,100,0
747,5,SACO,13,60,13
747,5,PLER,14,60,14
747,5,CLPU,0,60,0
747,5,HOMU,25,60,25
747,5,EUPE,0,60,0
747,5,MICA,8,50,8
747,5,AMME,0,60,0
747,5,CHGL,72,90,72
747,5,CLBO,0,60,0
747,5,MEPO,4,40,4
747,5,AGHE,41,60,41
747,5,BRMA,25,60,25
748,1,HECO,2,60,2
748,1,VUMI,7,60,7
748,1,CEME,0,60,0
748,1,LOWR,0,60,0
748,1,LACA,4,100,4
748,1,SACO,6,60,6
748,1,PLER,13,60,13
748,1,CLPU,0,60,0
748,1,HOMU,21,60,21
748,1,EUPE,1,60,1
748,1,MICA,0,50,0
748,1,AMME,0,60,0
748,1,CHGL,67,90,67
748,1,CLBO,0,60,0
748,1,MEPO,0,40,0
748,1,AGHE,16,60,16
748,1,BRMA,8,60,8
748,2,HECO,1,60,1
748,2,VUMI,32,60,32
748,2,CEME,0,60,0
748,2,LOWR,3,60,3
748,2,LACA,6,100,6
748,2,SACO,10,60,10
748,2,PLER,11,60,11
748,2,CLPU,0,60,0
748,2,HOMU,7,60,7
748,2,EUPE,1,60,1
748,2,MICA,0,50,0
748,2,AMME,0,60,0
748,2,CHGL,38,90,38
748,2,CLBO,0,60,0
748,2,MEPO,0,40,0
748,2,AGHE,4,60,4
748,2,BRMA,10,60,10
748,3,HECO,1,60,1
748,3,VUMI,49,60,49
748,3,CEME,0,60,0
748,3,LOWR,4,60,4
748,3,LACA,3,100,3
748,3,SACO,15,60,15
748,3,PLER,5,60,5
748,3,CLPU,0,60,0
748,3,HOMU,4,60,4
748,3,EUPE,1,60,1
748,3,MICA,0,50,0
748,3,AMME,0,60,0
748,3,CHGL,50,90,50
748,3,CLBO,0,60,0
748,3,MEPO,1,40,1
748,3,AGHE,3,60,3
748,3,BRMA,10,60,10
748,4,HECO,6,60,6
748,4,VUMI,14,60,14
748,4,CEME,0,60,0
748,4,LOWR,3,60,3
748,4,LACA,6,100,6
748,4,SACO,8,60,8
748,4,PLER,10,60,10
748,4,CLPU,0,60,0
748,4,HOMU,20,60,20
748,4,EUPE,3,60,3
748,4,MICA,0,50,0
748,4,AMME,0,60,0
748,4,CHGL,22,90,22
748,4,CLBO,0,60,0
748,4,MEPO,0,40,0
748,4,AGHE,8,60,8
748,4,BRMA,9,60,9
748,5,HECO,5,60,5
748,5,VUMI,12,60,12
748,5,CEME,0,60,0
748,5,LOWR,6,60,6
748,5,LACA,8,100,8
748,5,SACO,4,60,4
748,5,PLER,4,60,4
748,5,CLPU,0,60,0
748,5,HOMU,8,60,8
748,5,EUPE,0,60,0
748,5,MICA,0,50,0
748,5,AMME,0,60,0
748,5,CHGL,27,90,27
748,5,CLBO,0,60,0
748,5,MEPO,0,40,0
748,5,AGHE,21,60,21
748,5,BRMA,13,60,13
749,1,HECO,6,60,6
749,1,VUMI,34,60,34
749,1,CEME,21,60,21
749,1,LOWR,13,60,13
749,1,LACA,2,100,2
749,1,SACO,3,60,3
749,1,PLER,10,60,10
749,1,CLPU,7,60,7
749,1,HOMU,38,60,38
749,1,EUPE,21,60,21
749,1,MICA,7,50,7
749,1,AMME,26,60,26
749,1,CHGL,88,90,88
749,1,CLBO,1,60,1
749,1,MEPO,13,40,13
749,1,AGHE,26,60,26
749,1,BRMA,48,60,48
749,2,HECO,3,60,3
749,2,VUMI,48,60,48
749,2,CEME,7,60,7
749,2,LOWR,12,60,12
749,2,LACA,1,100,1
749,2,SACO,3,60,3
749,2,PLER,14,60,14
749,2,CLPU,1,60,1
749,2,HOMU,16,60,16
749,2,EUPE,14,60,14
749,2,MICA,2,50,2
749,2,AMME,28,60,28
749,2,CHGL,22,90,22
749,2,CLBO,4,60,4
749,2,MEPO,10,40,10
749,2,AGHE,41,60,41
749,2,BRMA,29,60,29
749,3,HECO,4,60,4
749,3,VUMI,62,60,60
749,3,CEME,16,60,16
749,3,LOWR,1,60,1
749,3,LACA,5,100,5
749,3,SACO,24,60,24
749,3,PLER,24,60,24
749,3,CLPU,10,60,10
749,3,HOMU,38,60,38
749,3,EUPE,42,60,42
749,3,MICA,0,50,0
749,3,AMME,29,60,29
749,3,CHGL,28,90,28
749,3,CLBO,0,60,0
749,3,MEPO,7,40,7
749,3,AGHE,44,60,44
749,3,BRMA,27,60,27
749,4,HECO,2,60,2
749,4,VUMI,50,60,50
749,4,CEME,39,60,39
749,4,LOWR,11,60,11
749,4,LACA,4,100,4
749,4,SACO,43,60,43
749,4,PLER,23,60,23
749,4,CLPU,8,60,8
749,4,HOMU,30,60,30
749,4,EUPE,35,60,35
749,4,MICA,3,50,3
749,4,AMME,17,60,17
749,4,CHGL,60,90,60
749,4,CLBO,1,60,1
749,4,MEPO,5,40,5
749,4,AGHE,31,60,31
749,4,BRMA,41,60,41
749,5,HECO,1,60,1
749,5,VUMI,64,60,60
749,5,CEME,32,60,32
749,5,LOWR,8,60,8
749,5,LACA,4,100,4
749,5,SACO,37,60,37
749,5,PLER,3,60,3
749,5,CLPU,19,60,19
749,5,HOMU,32,60,32
749,5,EUPE,8,60,8
749,5,MICA,0,50,0
749,5,AMME,28,60,28
749,5,CHGL,64,90,64
749,5,CLBO,0,60,0
749,5,MEPO,14,40,14
749,5,AGHE,36,60,36
749,5,BRMA,22,60,22
750,1,HECO,4,60,4
750,1,VUMI,6,60,6
750,1,CEME,2,60,2
750,1,LOWR,0,60,0
750,1,LACA,15,100,15
750,1,SACO,12,60,12
750,1,PLER,28,60,28
750,1,CLPU,0,60,0
750,1,HOMU,25,60,25
750,1,EUPE,9,60,9
750,1,MICA,0,50,0
750,1,AMME,0,60,0
750,1,CHGL,89,90,89
750,1,CLBO,0,60,0
750,1,MEPO,22,40,22
750,1,AGHE,16,60,16
750,1,BRMA,15,60,15
750,2,HECO,4,60,4
750,2,VUMI,59,60,59
750,2,CEME,0,60,0
750,2,LOWR,3,60,3
750,2,LACA,15,100,15
750,2,SACO,12,60,12
750,2,PLER,31,60,31
750,2,CLPU,0,60,0
750,2,HOMU,24,60,24
750,2,EUPE,2,60,2
750,2,MICA,0,50,0
750,2,AMME,0,60,0
750,2,CHGL,88,90,88
750,2,CLBO,0,60,0
750,2,MEPO,0,40,0
750,2,AGHE,30,60,30
750,2,BRMA,12,60,12
750,3,HECO,3,60,3
750,3,VUMI,50,60,50
750,3,CEME,0,60,0
750,3,LOWR,5,60,5
750,3,LACA,30,100,30
750,3,SACO,10,60,10
750,3,PLER,20,60,20
750,3,CLPU,0,60,0
750,3,HOMU,37,60,37
750,3,EUPE,1,60,1
750,3,MICA,0,50,0
750,3,AMME,2,60,2
750,3,CHGL,50,90,50
750,3,CLBO,0,60,0
750,3,MEPO,3,40,3
750,3,AGHE,30,60,30
750,3,BRMA,32,60,32
750,4,HECO,2,60,2
750,4,VUMI,35,60,35
750,4,CEME,0,60,0
750,4,LOWR,9,60,9
750,4,LACA,8,100,8
750,4,SACO,10,60,10
750,4,PLER,29,60,29
750,4,CLPU,0,60,0
750,4,HOMU,18,60,18
750,4,EUPE,2,60,2
750,4,MICA,1,50,1
750,4,AMME,1,60,1
750,4,CHGL,108,90,90
750,4,CLBO,0,60,0
750,4,MEPO,3,40,3
750,4,AGHE,31,60,31
750,4,BRMA,32,60,32
750,5,HECO,4,60,4
750,5,VUMI,42,60,42
750,5,CEME,0,60,0
750,5,LOWR,14,60,14
750,5,LACA,25,100,25
750,5,SACO,10,60,10
750,5,PLER,19,60,19
750,5,CLPU,0,60,0
750,5,HOMU,24,60,24
750,5,EUPE,24,60,24
750,5,MICA,0,50,0
750,5,AMME,0,60,0
750,5,CHGL,43,90,43
750,5,CLBO,0,60,0
750,5,MEPO,7,40,7
750,5,AGHE,36,60,36
750,5,BRMA,22,60,22
751,1,HECO,0,60,0
751,1,VUMI,0,60,0
751,1,CEME,0,60,0
751,1,LOWR,0,60,0
751,1,LACA,57,100,57
751,1,SACO,5,60,5
751,1,PLER,11,60,11
751,1,CLPU,3,60,3
751,1,HOMU,8,60,8
751,1,EUPE,21,60,21
751,1,MICA,1,50,1
751,1,AMME,0,60,0
751,1,CHGL,14,90,14
751,1,CLBO,0,60,0
751,1,MEPO,5,40,5
751,1,AGHE,6,60,6
751,1,BRMA,20,60,20
751,2,HECO,0,60,0
751,2,VUMI,41,60,41
751,2,CEME,1,60,1
751,2,LOWR,1,60,1
751,2,LACA,36,100,36
751,2,SACO,7,60,7
751,2,PLER,12,60,12
751,2,CLPU,13,60,13
751,2,HOMU,12,60,12
751,2,EUPE,1,60,1
751,2,MICA,0,50,0
751,2,AMME,0,60,0
751,2,CHGL,47,90,47
751,2,CLBO,0,60,0
751,2,MEPO,1,40,1
751,2,AGHE,4,60,4
751,2,BRMA,24,60,24
751,3,HECO,0,60,0
751,3,VUMI,0,60,0
751,3,CEME,0,60,0
751,3,LOWR,2,60,2
751,3,LACA,24,100,24
751,3,SACO,13,60,13
751,3,PLER,13,60,13
751,3,CLPU,0,60,0
751,3,HOMU,21,60,21
751,3,EUPE,1,60,1
751,3,MICA,1,50,1
751,3,AMME,0,60,0
751,3,CHGL,35,90,35
751,3,CLBO,1,60,1
751,3,MEPO,2,40,2
751,3,AGHE,6,60,6
751,3,BRMA,5,60,5
751,4,HECO,0,60,0
751,4,VUMI,55,60,55
751,4,CEME,3,60,3
751,4,LOWR,3,60,3
751,4,LACA,8,100,8
751,4,SACO,5,60,5
751,4,PLER,9,60,9
751,4,CLPU,9,60,9
751,4,HOMU,24,60,24
751,4,EUPE,1,60,1
751,4,MICA,1,50,1
751,4,AMME,0,60,0
751,4,CHGL,43,90,43
751,4,CLBO,0,60,0
751,4,MEPO,7,40,7
751,4,AGHE,7,60,7
751,4,BRMA,10,60,10
751,5,HECO,2,60,2
751,5,VUMI,20,60,20
751,5,CEME,0,60,0
751,5,LOWR,1,60,1
751,5,LACA,25,100,25
751,5,SACO,1,60,1
751,5,PLER,16,60,16
751,5,CLPU,7,60,7
751,5,HOMU,18,60,18
751,5,EUPE,3,60,3
751,5,MICA,1,50,1
751,5,AMME,0,60,0
751,5,CHGL,29,90,29
751,5,CLBO,0,60,0
751,5,MEPO,0,40,0
751,5,AGHE,4,60,4
751,5,BRMA,22,60,22
752,1,HECO,2,60,2
752,1,VUMI,50,60,50
752,1,CEME,11,60,11
752,1,LOWR,10,60,10
752,1,LACA,8,100,8
752,1,SACO,20,60,20
752,1,PLER,14,60,14
752,1,CLPU,0,60,0
752,1,HOMU,28,60,28
752,1,EUPE,12,60,12
752,1,MICA,1,50,1
752,1,AMME,0,60,0
752,1,CHGL,29,90,29
752,1,CLBO,1,60,1
752,1,MEPO,19,40,19
752,1,AGHE,45,60,45
752,1,BRMA,20,60,20
752,2,HECO,9,60,9
752,2,VUMI,39,60,39
752,2,CEME,34,60,34
752,2,LOWR,13,60,13
752,2,LACA,21,100,21
752,2,SACO,35,60,35
752,2,PLER,28,60,28
752,2,CLPU,0,60,0
752,2,HOMU,24,60,24
752,2,EUPE,10,60,10
752,2,MICA,4,50,4
752,2,AMME,7,60,7
752,2,CHGL,57,90,57
752,2,CLBO,0,60,0
752,2,MEPO,0,40,0
752,2,AGHE,47,60,47
752,2,BRMA,27,60,27
752,3,HECO,5,60,5
752,3,VUMI,63,60,60
752,3,CEME,24,60,24
752,3,LOWR,10,60,10
752,3,LACA,12,100,12
752,3,SACO,33,60,33
752,3,PLER,30,60,30
752,3,CLPU,2,60,2
752,3,HOMU,33,60,33
752,3,EUPE,26,60,26
752,3,MICA,7,50,7
752,3,AMME,17,60,17
752,3,CHGL,29,90,29
752,3,CLBO,2,60,2
752,3,MEPO,6,40,6
752,3,AGHE,30,60,30
752,3,BRMA,36,60,36
752,4,HECO,4,60,4
752,4,VUMI,37,60,37
752,4,CEME,29,60,29
752,4,LOWR,15,60,15
752,4,LACA,30,100,30
752,4,SACO,29,60,29
752,4,PLER,30,60,30
752,4,CLPU,12,60,12
752,4,HOMU,27,60,27
752,4,EUPE,20,60,20
752,4,MICA,0,50,0
752,4,AMME,25,60,25
752,4,CHGL,17,90,17
752,4,CLBO,0,60,0
752,4,MEPO,6,40,6
752,4,AGHE,37,60,37
752,4,BRMA,5,60,5
752,5,HECO,1,60,1
752,5,VUMI,70,60,60
752,5,CEME,23,60,23
752,5,LOWR,7,60,7
752,5,LACA,12,100,12
752,5,SACO,37,60,37
752,5,PLER,27,60,27
752,5,CLPU,3,60,3
752,5,HOMU,11,60,11
752,5,EUPE,34,60,34
752,5,MICA,0,50,0
752,5,AMME,22,60,22
752,5,CHGL,47,90,47
752,5,CLBO,4,60,4
752,5,MEPO,6,40,6
752,5,AGHE,7,60,7
752,5,BRMA,14,60,14
753,1,HECO,3,60,3
753,1,VUMI,33,60,33
753,1,CEME,20,60,20
753,1,LOWR,2,60,2
753,1,LACA,1,100,1
753,1,SACO,21,60,21
753,1,PLER,41,60,41
753,1,CLPU,2,60,2
753,1,HOMU,28,60,28
753,1,EUPE,42,60,42
753,1,MICA,0,50,0
753,1,AMME,20,60,20
753,1,CHGL,32,90,32
753,1,CLBO,0,60,0
753,1,MEPO,10,40,10
753,1,AGHE,24,60,24
753,1,BRMA,21,60,21
753,2,HECO,2,60,2
753,2,VUMI,39,60,39
753,2,CEME,16,60,16
753,2,LOWR,6,60,6
753,2,LACA,11,100,11
753,2,SACO,10,60,10
753,2,PLER,31,60,31
753,2,CLPU,0,60,0
753,2,HOMU,31,60,31
753,2,EUPE,29,60,29
753,2,MICA,1,50,1
753,2,AMME,26,60,26
753,2,CHGL,30,90,30
753,2,CLBO,0,60,0
753,2,MEPO,5,40,5
753,2,AGHE,41,60,41
753,2,BRMA,22,60,22
753,3,HECO,7,60,7
753,3,VUMI,40,60,40
753,3,CEME,20,60,20
753,3,LOWR,4,60,4
753,3,LACA,9,100,9
753,3,SACO,45,60,45
753,3,PLER,25,60,25
753,3,CLPU,3,60,3
753,3,HOMU,18,60,18
753,3,EUPE,21,60,21
753,3,MICA,0,50,0
753,3,AMME,24,60,24
753,3,CHGL,31,90,31
753,3,CLBO,0,60,0
753,3,MEPO,7,40,7
753,3,AGHE,46,60,46
753,3,BRMA,17,60,17
753,4,HECO,1,60,1
753,4,VUMI,11,60,11
753,4,CEME,20,60,20
753,4,LOWR,3,60,3
753,4,LACA,3,100,3
753,4,SACO,50,60,50
753,4,PLER,30,60,30
753,4,CLPU,1,60,1
753,4,HOMU,25,60,25
753,4,EUPE,18,60,18
753,4,MICA,0,50,0
753,4,AMME,20,60,20
753,4,CHGL,30,90,30
753,4,CLBO,2,60,2
753,4,MEPO,5,40,5
753,4,AGHE,53,60,53
753,4,BRMA,28,60,28
753,5,HECO,2,60,2
753,5,VUMI,46,60,46
753,5,CEME,12,60,12
753,5,LOWR,12,60,12
753,5,LACA,10,100,10
753,5,SACO,41,60,41
753,5,PLER,23,60,23
753,5,CLPU,5,60,5
753,5,HOMU,32,60,32
753,5,EUPE,42,60,42
753,5,MICA,6,50,6
753,5,AMME,33,60,33
753,5,CHGL,77,90,77
753,5,CLBO,0,60,0
753,5,MEPO,5,40,5
753,5,AGHE,48,60,48
753,5,BRMA,28,60,28
754,1,HECO,7,60,7
754,1,VUMI,62,60,60
754,1,CEME,19,60,19
754,1,LOWR,11,60,11
754,1,LACA,23,100,23
754,1,SACO,34,60,34
754,1,PLER,7,60,7
754,1,CLPU,13,60,13
754,1,HOMU,37,60,37
754,1,EUPE,10,60,10
754,1,MICA,0,50,0
754,1,AMME,3,60,3
754,1,CHGL,31,90,31
754,1,CLBO,1,60,1
754,1,MEPO,8,40,8
754,1,AGHE,39,60,39
754,1,BRMA,41,60,41
754,2,HECO,2,60,2
754,2,VUMI,56,60,56
754,2,CEME,11,60,11
754,2,LOWR,8,60,8
754,2,LACA,14,100,14
754,2,SACO,20,60,20
754,2,PLER,26,60,26
754,2,CLPU,9,60,9
754,2,HOMU,37,60,37
754,2,EUPE,16,60,16
754,2,MICA,1,50,1
754,2,AMME,27,60,27
754,2,CHGL,69,90,69
754,2,CLBO,1,60,1
754,2,MEPO,5,40,5
754,2,AGHE,47,60,47
754,2,BRMA,30,60,30
754,3,HECO,11,60,11
754,3,VUMI,40,60,40
754,3,CEME,16,60,16
754,3,LOWR,13,60,13
754,3,LACA,9,100,9
754,3,SACO,6,60,6
754,3,PLER,40,60,40
754,3,CLPU,6,60,6
754,3,HOMU,30,60,30
754,3,EUPE,29,60,29
754,3,MICA,1,50,1
754,3,AMME,33,60,33
754,3,CHGL,36,90,36
754,3,CLBO,1,60,1
754,3,MEPO,3,40,3
754,3,AGHE,61,60,60
754,3,BRMA,30,60,30
754,4,HECO,5,60,5
754,4,VUMI,27,60,27
754,4,CEME,11,60,11
754,4,LOWR,3,60,3
754,4,LACA,14,100,14
754,4,SACO,54,60,54
754,4,PLER,17,60,17
754,4,CLPU,21,60,21
754,4,HOMU,30,60,30
754,4,EUPE,18,60,18
754,4,MICA,0,50,0
754,4,AMME,2,60,2
754,4,CHGL,43,90,43
754,4,CLBO,7,60,7
754,4,MEPO,7,40,7
754,4,AGHE,24,60,24
754,4,BRMA,19,60,19
754,5,HECO,1,60,1
754,5,VUMI,53,60,53
754,5,CEME,16,60,16
754,5,LOWR,4,60,4
754,5,LACA,5,100,5
754,5,SACO,53,60,53
754,5,PLER,4,60,4
754,5,CLPU,3,60,3
754,5,HOMU,32,60,32
754,5,EUPE,12,60,12
754,5,MICA,0,50,0
754,5,AMME,33,60,33
754,5,CHGL,43,90,43
754,5,CLBO,0,60,0
754,5,MEPO,4,40,4
754,5,AGHE,34,60,34
754,5,BRMA,35,60,35
755,1,HECO,4,60,4
755,1,VUMI,40,60,40
755,1,CEME,20,60,20
755,1,LOWR,12,60,12
755,1,LACA,18,100,18
755,1,SACO,30,60,30
755,1,PLER,12,60,12
755,1,CLPU,1,60,1
755,1,HOMU,30,60,30
755,1,EUPE,43,60,43
755,1,MICA,2,50,2
755,1,AMME,16,60,16
755,1,CHGL,132,90,90
755,1,CLBO,2,60,2
755,1,MEPO,3,40,3
755,1,AGHE,56,60,56
755,1,BRMA,15,60,15
755,2,HECO,4,60,4
755,2,VUMI,54,60,54
755,2,CEME,18,60,18
755,2,LOWR,10,60,10
755,2,LACA,12,100,12
755,2,SACO,12,60,12
755,2,PLER,12,60,12
755,2,CLPU,0,60,0
755,2,HOMU,32,60,32
755,2,EUPE,39,60,39
755,2,MICA,0,50,0
755,2,AMME,17,60,17
755,2,CHGL,61,90,61
755,2,CLBO,0,60,0
755,2,MEPO,9,40,9
755,2,AGHE,42,60,42
755,2,BRMA,21,60,21
755,3,HECO,3,60,3
755,3,VUMI,50,60,50
755,3,CEME,1,60,1
755,3,LOWR,16,60,16
755,3,LACA,13,100,13
755,3,SACO,22,60,22
755,3,PLER,10,60,10
755,3,CLPU,2,60,2
755,3,HOMU,27,60,27
755,3,EUPE,32,60,32
755,3,MICA,0,50,0
755,3,AMME,23,60,23
755,3,CHGL,62,90,62
755,3,CLBO,2,60,2
755,3,MEPO,7,40,7
755,3,AGHE,19,60,19
755,3,BRMA,17,60,17
755,4,HECO,3,60,3
755,4,VUMI,33,60,33
755,4,CEME,10,60,10
755,4,LOWR,12,60,12
755,4,LACA,6,100,6
755,4,SACO,27,60,27
755,4,PLER,20,60,20
755,4,CLPU,0,60,0
755,4,HOMU,11,60,11
755,4,EUPE,3,60,3
755,4,MICA,6,50,6
755,4,AMME,20,60,20
755,4,CHGL,13,90,13
755,4,CLBO,6,60,6
755,4,MEPO,20,40,20
755,4,AGHE,13,60,13
755,4,BRMA,2,60,2
755,5,HECO,12,60,12
755,5,VUMI,19,60,19
755,5,CEME,6,60,6
755,5,LOWR,4,60,4
755,5,LACA,32,100,32
755,5,SACO,13,60,13
755,5,PLER,6,60,6
755,5,CLPU,8,60,8
755,5,HOMU,32,60,32
755,5,EUPE,14,60,14
755,5,MICA,1,50,1
755,5,AMME,19,60,19
755,5,CHGL,48,90,48
755,5,CLBO,4,60,4
755,5,MEPO,21,40,21
755,5,AGHE,13,60,13
755,5,BRMA,2,60,2
